{
    "phase1": {
        "charge_goal": 4410.0,
        "good_run_list": [
            7225,
            7226,
            7228,
            7229,
            7230,
            7233,
            7234,
            7235,
            7236,
            7237,
            7238,
            7239,
            7240,
            7241,
            7245,
            7246,
            7247,
            7248,
            7249,
            7264,
            7265,
            7266,
            7267,
            7268,
            7269,
            7270,
            7271,
            7272,
            7273
        ],
        "hms_angle": 19.1,
        "hms_momentum": 4.95,
        "jpsi_count": 406.8,
        "name": "High-E/low-t",
        "radiator": "IN",
        "shms_angle": 17.0,
        "shms_momentum": -4.835,
        "status": "56.268206%",
        "target": "LH2",
        "total_charge": 2481.4278735454845
    },
    "phase1-dummy": {
        "charge_goal": 770.0,
        "good_run_list": [
            7242,
            7243,
            7244
        ],
        "hms_angle": 19.1,
        "hms_momentum": 4.95,
        "jpsi_count": 14.0,
        "name": "High-E/low-t",
        "radiator": "IN",
        "shms_angle": 17.0,
        "shms_momentum": -4.835,
        "status": "32.862023%",
        "target": "DUMMY",
        "total_charge": 253.03757568330604
    },
    "phase1-norad": {
        "charge_goal": 250.0,
        "good_run_list": [
            7220,
            7221,
            7222
        ],
        "hms_angle": 19.1,
        "hms_momentum": 4.95,
        "jpsi_count": 9.0,
        "name": "High-E/low-t",
        "radiator": "OUT",
        "shms_angle": 17.0,
        "shms_momentum": -4.835,
        "status": "50.449069%",
        "target": "LH2",
        "total_charge": 126.12267295602932
    },
    "phase2": {
        "charge_goal": 9060.0,
        "good_run_list": [
            7274,
            7275,
            7276,
            7277,
            7278,
            7279,
            7280,
            7281,
            7282,
            7283,
            7284,
            7285
        ],
        "hms_angle": 19.9,
        "hms_momentum": 4.6,
        "jpsi_count": 62.0,
        "name": "Mid-E/low-t",
        "radiator": "IN",
        "shms_angle": 20.1,
        "shms_momentum": -4.3,
        "status": "7.079241%",
        "target": "LH2",
        "total_charge": 641.3792495523683
    },
    "phase2-dummy": {
        "charge_goal": 1740.0,
        "good_run_list": [],
        "hms_angle": 19.9,
        "hms_momentum": 4.6,
        "jpsi_count": 0.0,
        "name": "Mid-E/low-t",
        "radiator": "IN",
        "shms_angle": 20.1,
        "shms_momentum": -4.3,
        "status": "0%",
        "target": "DUMMY",
        "total_charge": 0.0
    },
    "phase3": {
        "charge_goal": 48380.0,
        "good_run_list": [],
        "hms_angle": 16.4,
        "hms_momentum": 4.08,
        "jpsi_count": 0.0,
        "name": "High-t",
        "radiator": "IN",
        "shms_angle": 30.0,
        "shms_momentum": -3.5,
        "status": "0%",
        "target": "LH2",
        "total_charge": 0.0
    }
}
