{
    "phase1": {
        "charge_goal": 4410.0,
        "good_run_list": [
            7225,
            7226,
            7228,
            7229,
            7230,
            7231,
            7232,
            7233,
            7234,
            7235,
            7236,
            7237,
            7238,
            7239,
            7240,
            7241,
            7245,
            7246,
            7247,
            7248,
            7249,
            7264,
            7265,
            7266,
            7267,
            7268,
            7269,
            7270,
            7271,
            7272,
            7273,
            7411,
            7412,
            7413,
            7414,
            7415,
            7417,
            7418,
            7419,
            7420,
            7421,
            7422,
            7423,
            7424,
            7425,
            7426
        ],
        "hms_angle": 19.1,
        "hms_momentum": 4.95,
        "jpsi_count": 786.5999999999999,
        "name": "High-E/low-t",
        "radiator": "IN",
        "shms_angle": 17.0,
        "shms_momentum": -4.835,
        "status": "118.427289%",
        "target": "LH2",
        "total_charge": 5222.643453213302
    },
    "phase1-dummy": {
        "charge_goal": 593.0,
        "good_run_list": [
            7242,
            7243,
            7244,
            7427,
            7428,
            7429
        ],
        "hms_angle": 19.1,
        "hms_momentum": 4.95,
        "jpsi_count": 25.0,
        "name": "High-E/low-t",
        "radiator": "IN",
        "shms_angle": 17.0,
        "shms_momentum": -4.835,
        "status": "93.483176%",
        "target": "DUMMY",
        "total_charge": 554.35523208576
    },
    "phase1-norad": {
        "charge_goal": 250.0,
        "good_run_list": [
            7220,
            7221,
            7222
        ],
        "hms_angle": 19.1,
        "hms_momentum": 4.95,
        "jpsi_count": 9.0,
        "name": "High-E/low-t",
        "radiator": "OUT",
        "shms_angle": 17.0,
        "shms_momentum": -4.835,
        "status": "50.449069%",
        "target": "LH2",
        "total_charge": 126.12267295602932
    },
    "phase2": {
        "charge_goal": 9060.0,
        "good_run_list": [
            7274,
            7275,
            7276,
            7277,
            7278,
            7279,
            7280,
            7281,
            7282,
            7283,
            7284,
            7285,
            7286,
            7287,
            7288,
            7289,
            7290,
            7291,
            7292,
            7293,
            7294,
            7295,
            7296,
            7297,
            7298,
            7300,
            7301,
            7302,
            7303,
            7304,
            7305,
            7438,
            7439,
            7441,
            7442,
            7443,
            7445,
            7446,
            7447,
            7448,
            7449,
            7450,
            7451,
            7452,
            7453,
            7454,
            7455,
            7456,
            7460,
            7461,
            7462,
            7463,
            7464,
            7467,
            7468,
            7469,
            7470,
            7471,
            7472,
            7473,
            7474,
            7475,
            7476,
            7477,
            7478,
            7479,
            7480,
            7481,
            7485,
            7486,
            7487,
            7488,
            7489,
            7490,
            7491,
            7496,
            7497,
            7499,
            7500,
            7501,
            7502,
            7503
        ],
        "hms_angle": 19.9,
        "hms_momentum": 4.6,
        "jpsi_count": 868.8,
        "name": "Low-E/low-t",
        "radiator": "IN",
        "shms_angle": 20.1,
        "shms_momentum": -4.3,
        "status": "89.999068%",
        "target": "LH2",
        "total_charge": 8153.91555333849
    },
    "phase2-dummy": {
        "charge_goal": 1219.0,
        "good_run_list": [
            7492,
            7493,
            7494,
            7495
        ],
        "hms_angle": 19.9,
        "hms_momentum": 4.6,
        "jpsi_count": 13.0,
        "name": "Low-E/low-t",
        "radiator": "IN",
        "shms_angle": 20.1,
        "shms_momentum": -4.3,
        "status": "23.429601%",
        "target": "DUMMY",
        "total_charge": 285.6068411119544
    },
    "phase3": {
        "charge_goal": 36288.0,
        "good_run_list": [
            7308,
            7312,
            7313,
            7314,
            7315,
            7316,
            7317,
            7318,
            7319,
            7320,
            7322,
            7324,
            7325,
            7326,
            7327,
            7328,
            7329,
            7330,
            7331,
            7332,
            7333,
            7334,
            7335,
            7336,
            7337,
            7338,
            7339,
            7340,
            7341,
            7342,
            7343,
            7344,
            7345,
            7346,
            7347,
            7348,
            7349,
            7350,
            7351,
            7352,
            7353,
            7354,
            7355,
            7356,
            7357,
            7358,
            7359,
            7360,
            7361,
            7362,
            7363,
            7364,
            7365,
            7366,
            7367,
            7368,
            7369,
            7370,
            7371,
            7372,
            7373,
            7374,
            7375,
            7376,
            7377,
            7378,
            7379,
            7380,
            7381,
            7384,
            7385,
            7386,
            7387,
            7388,
            7389,
            7390,
            7391,
            7392,
            7393,
            7394,
            7395,
            7397,
            7398,
            7399,
            7400,
            7401,
            7402,
            7403,
            7404
        ],
        "hms_angle": 16.4,
        "hms_momentum": 4.08,
        "jpsi_count": 107.0,
        "name": "High-t",
        "radiator": "IN",
        "shms_angle": 30.0,
        "shms_momentum": -3.5,
        "status": "37.896796%",
        "target": "LH2",
        "total_charge": 13751.98926682354
    },
    "phase4": {
        "charge_goal": 12096.0,
        "good_run_list": [
            7504,
            7505,
            7506,
            7507,
            7508,
            7510,
            7511,
            7512,
            7513,
            7514,
            7515,
            7516,
            7520,
            7521,
            7522,
            7524,
            7525,
            7526,
            7527,
            7528,
            7529,
            7530,
            7531,
            7532,
            7533,
            7534,
            7535,
            7536,
            7537,
            7538,
            7539,
            7540,
            7541,
            7542,
            7543,
            7544,
            7545,
            7546,
            7547,
            7548,
            7549,
            7550,
            7551,
            7552,
            7553,
            7554,
            7555,
            7556,
            7557,
            7558,
            7559,
            7560,
            7561,
            7568,
            7569,
            7570,
            7571,
            7572,
            7573
        ],
        "hms_angle": 16.5,
        "hms_momentum": 4.4,
        "jpsi_count": 250.0,
        "name": "Medium-t",
        "radiator": "IN",
        "shms_angle": 24.5,
        "shms_momentum": -4.4,
        "status": "51.424703%",
        "target": "LH2",
        "total_charge": 6220.332094293098
    },